{
    "MQE": {
        "0.0_0.0_Original": {
            "best_avg_acc": 75.21,
            "best_params": [
                0.001,
                200,
                512,
                32,
                1024,
                4,
                10
            ]
        },
        "0.5_0.5_normal": {
            "best_avg_acc": 70.81,
            "best_params": [
                0.0005517492376129129,
                400,
                128,
                64,
                512,
                8,
                40
            ]
        },
        "0.5_0.3_normal": {
            "best_avg_acc": 72.8,
            "best_params": [
                0.00238989256623105,
                200,
                128,
                16,
                512,
                4,
                40
            ]
        },
        "0.5_0.8_normal": {
            "best_avg_acc": 67.51,
            "best_params": [
                0.0005404216420705915,
                400,
                256,
                32,
                512,
                8,
                40
            ]
        },
        "0.5_0.5_uniform": {
            "best_avg_acc": 73.55,
            "best_params": [
                0.002024446509976804,
                200,
                512,
                32,
                512,
                4,
                20
            ]
        },
        "0.5_0.3_uniform": {
            "best_avg_acc": 74.15,
            "best_params": [
                0.0012052609368708425,
                400,
                512,
                64,
                512,
                4,
                20
            ]
        },
        "0.5_0.8_uniform": {
            "best_avg_acc": 73.29,
            "best_params": [
                0.0027066520700332413,
                400,
                128,
                64,
                1024,
                4,
                10
            ]
        },
        "0.5_0.0_uniform": {
            "best_avg_acc": 74.61,
            "best_params": [
                0.003746050032748993,
                400,
                256,
                128,
                1024,
                4,
                40
            ]
        }
    }
}