{
    "MQE": {
        "0.5_0.3_normal": {
            "best_avg_acc": 82.52,
            "best_params": [
                0.00048382096649259574,
                400,
                128,
                128,
                512,
                8,
                10
            ]
        },
        "0.5_0.3_uniform": {
            "best_avg_acc": 85.01,
            "best_params": [
                0.00048382096649259574,
                400,
                128,
                128,
                512,
                8,
                10
            ]
        },
        "0.0_0.0_Original": {
            "best_avg_acc": 87.54,
            "best_params": [
               0.002, 400, 128, 128, 1024, 8, 20
            ]
        }
    }
}